{"cameraMode":{"drawMode":0,"name":"Shaded","section":"Shading Mode"},"sceneLighting":false,"audioPlay":false,"sceneViewState":{"m_AlwaysRefresh":false,"showFog":true,"showSkybox":false,"showFlares":true,"showImageEffects":true,"showParticleSystems":true,"showVisualEffectGraphs":true,"m_FxEnabled":true},"in2DMode":false,"pivot":{"x":-2.654564380645752,"y":-0.08396923542022705,"z":-0.7956768274307251},"rotation":{"x":-0.001754565630108118,"y":0.9941940307617188,"z":-0.10628394037485123,"w":-0.016404855996370317},"size":1.6947606801986695,"orthographic":true}