{"cameraMode":{"drawMode":0,"name":"Shaded","section":"Shading Mode"},"sceneLighting":false,"audioPlay":false,"sceneViewState":{"m_AlwaysRefresh":false,"showFog":true,"showSkybox":true,"showFlares":true,"showImageEffects":true,"showParticleSystems":true,"showVisualEffectGraphs":true,"m_FxEnabled":false},"in2DMode":false,"pivot":{"x":-4.678043365478516,"y":-11.581619262695313,"z":23.050086975097658},"rotation":{"x":-0.24040557444095612,"y":0.06313478946685791,"z":-0.015671534463763238,"w":-0.9684882760047913},"size":17.035594940185548,"orthographic":false}