{"cameraMode":{"drawMode":0,"name":"Shaded","section":"Shading Mode"},"sceneLighting":false,"audioPlay":false,"sceneViewState":{"m_AlwaysRefresh":false,"showFog":true,"showSkybox":false,"showFlares":true,"showImageEffects":true,"showParticleSystems":true,"showVisualEffectGraphs":true,"m_FxEnabled":true},"in2DMode":false,"pivot":{"x":0.5121015310287476,"y":7.8644537925720219,"z":0.02024555206298828},"rotation":{"x":-0.04316717013716698,"y":-0.02098432369530201,"z":-0.0009071763488464057,"w":0.9988540410995483},"size":4.937233924865723,"orthographic":false}