{"cameraMode":{"drawMode":0,"name":"Shaded","section":"Shading Mode"},"sceneLighting":false,"audioPlay":false,"sceneViewState":{"m_AlwaysRefresh":false,"showFog":true,"showSkybox":false,"showFlares":true,"showImageEffects":true,"showParticleSystems":true,"showVisualEffectGraphs":true,"m_FxEnabled":true},"in2DMode":false,"pivot":{"x":0.00404512882232666,"y":0.9087322950363159,"z":0.22950243949890138},"rotation":{"x":0.10633847862482071,"y":0.8918997645378113,"z":-0.27971071004867556,"w":0.3390744924545288},"size":1.455706238746643,"orthographic":false}