{"cameraMode":{"drawMode":0,"name":"Shaded","section":"Shading Mode"},"sceneLighting":true,"audioPlay":false,"sceneViewState":{"m_AlwaysRefresh":false,"showFog":true,"showSkybox":true,"showFlares":true,"showImageEffects":true,"showParticleSystems":true,"showVisualEffectGraphs":true,"m_FxEnabled":true},"in2DMode":false,"pivot":{"x":0.0017814934253692628,"y":1.4148633480072022,"z":8.274450302124024},"rotation":{"x":0.13480356335639954,"y":0.8553599119186401,"z":-0.2767307162284851,"w":0.41666799783706667},"size":4.198324680328369,"orthographic":true}