{"cameraMode":{"drawMode":0,"name":"Shaded","section":"Shading Mode"},"sceneLighting":false,"audioPlay":false,"sceneViewState":{"m_AlwaysRefresh":false,"showFog":true,"showSkybox":false,"showFlares":true,"showImageEffects":true,"showParticleSystems":true,"showVisualEffectGraphs":true,"m_FxEnabled":true},"in2DMode":false,"pivot":{"x":-0.07827770709991455,"y":-0.35605573654174807,"z":-0.40543827414512637},"rotation":{"x":0.39224931597709658,"y":-0.23451435565948487,"z":0.10413544625043869,"w":0.8833349943161011},"size":1.2904435396194459,"orthographic":true}